{"cameraMode":{"drawMode":0,"name":"Shaded","section":"Shading Mode"},"sceneLighting":true,"audioPlay":false,"sceneViewState":{"showFog":true,"showMaterialUpdate":true,"showSkybox":true,"showFlares":true,"showImageEffects":true,"showParticleSystems":true},"in2DMode":false,"pivot":{"x":831.0138549804688,"y":601.48974609375,"z":-118.08937072753906},"rotation":{"x":-0.22174082696437837,"y":0.1193201094865799,"z":-0.027313053607940675,"w":-0.9674423336982727},"size":120.03089141845703,"orthographic":false}