{"cameraMode":{"drawMode":0,"name":"Shaded","section":"Shading Mode"},"sceneLighting":true,"audioPlay":false,"sceneViewState":{"showFog":true,"showMaterialUpdate":false,"showSkybox":true,"showFlares":true,"showImageEffects":true,"showParticleSystems":true},"in2DMode":false,"pivot":{"x":30.10125732421875,"y":-0.006254937034100294,"z":-5.921614646911621},"rotation":{"x":-0.0643962025642395,"y":-0.8377594351768494,"z":0.1012817844748497,"w":-0.5327211618423462},"size":8.445952415466309,"orthographic":false}