{"cameraMode":{"drawMode":0,"name":"Shaded","section":"Shading Mode"},"sceneLighting":true,"audioPlay":false,"sceneViewState":{"showFog":true,"showMaterialUpdate":false,"showSkybox":true,"showFlares":true,"showImageEffects":true,"showParticleSystems":true},"in2DMode":false,"pivot":{"x":2.0054264068603517,"y":-2.843294143676758,"z":0.41957664489746096},"rotation":{"x":-0.09384913742542267,"y":0.8992127776145935,"z":-0.23758234083652497,"w":-0.3551994860172272},"size":15.876860618591309,"orthographic":false}