{"cameraMode":{"drawMode":1,"name":"Wireframe","section":"Shading Mode"},"sceneLighting":true,"audioPlay":false,"sceneViewState":{"showFog":true,"showMaterialUpdate":false,"showSkybox":true,"showFlares":true,"showImageEffects":true,"showParticleSystems":true},"in2DMode":false,"pivot":{"x":3.6989707946777345,"y":6.527543544769287,"z":15.728193283081055},"rotation":{"x":0.039854567497968677,"y":0.1264742612838745,"z":0.005127288401126862,"w":-0.991196870803833},"size":6.249495506286621,"orthographic":false}