{"cameraMode":{"drawMode":0,"name":"Shaded","section":"Shading Mode"},"sceneLighting":true,"audioPlay":false,"sceneViewState":{"showFog":true,"showMaterialUpdate":false,"showSkybox":true,"showFlares":true,"showImageEffects":true,"showParticleSystems":true},"in2DMode":false,"pivot":{"x":1081.9656982421875,"y":560.5311279296875,"z":50.45390319824219},"rotation":{"x":0.0392678827047348,"y":-0.040130551904439929,"z":0.0015553557313978673,"w":0.9984510540962219},"size":177.5316162109375,"orthographic":false}