{"cameraMode":{"drawMode":1,"name":"Wireframe","section":"Shading Mode"},"sceneLighting":true,"audioPlay":false,"sceneViewState":{"showFog":true,"showMaterialUpdate":false,"showSkybox":true,"showFlares":true,"showImageEffects":true,"showParticleSystems":true},"in2DMode":false,"pivot":{"x":2.8168835639953615,"y":10.987717628479004,"z":14.17060661315918},"rotation":{"x":0.22054827213287354,"y":0.17677970230579377,"z":0.0407291017472744,"w":-0.958399772644043},"size":6.249495506286621,"orthographic":false}