{"cameraMode":{"drawMode":1,"name":"Wireframe","section":"Shading Mode"},"sceneLighting":true,"audioPlay":false,"sceneViewState":{"showFog":true,"showMaterialUpdate":true,"showSkybox":true,"showFlares":true,"showImageEffects":true,"showParticleSystems":true},"in2DMode":false,"pivot":{"x":0.26373380422592165,"y":0.6706703305244446,"z":1.6624722480773926},"rotation":{"x":0.2981918156147003,"y":-0.5706902742385864,"z":0.23361557722091676,"w":0.7285969257354736},"size":1.0058465003967286,"orthographic":false}