{"cameraMode":{"drawMode":1,"name":"Wireframe","section":"Shading Mode"},"sceneLighting":true,"audioPlay":false,"sceneViewState":{"showFog":true,"showMaterialUpdate":false,"showSkybox":true,"showFlares":true,"showImageEffects":true,"showParticleSystems":true},"in2DMode":false,"pivot":{"x":3.9994611740112306,"y":-5.756251811981201,"z":7.722007751464844},"rotation":{"x":-0.509337306022644,"y":0.24607302248477937,"z":-0.1547107845544815,"w":-0.8100431561470032},"size":6.081395149230957,"orthographic":false}