{"cameraMode":{"drawMode":0,"name":"Shaded","section":"Shading Mode"},"sceneLighting":true,"audioPlay":false,"sceneViewState":{"showFog":true,"showMaterialUpdate":false,"showSkybox":true,"showFlares":true,"showImageEffects":true,"showParticleSystems":true},"in2DMode":false,"pivot":{"x":21.02916145324707,"y":0.768397331237793,"z":7.9209513664245609},"rotation":{"x":0.14604751765727998,"y":0.7472714185714722,"z":-0.17481793463230134,"w":0.624294638633728},"size":16.81637954711914,"orthographic":false}