{"cameraMode":{"drawMode":0,"name":"Shaded","section":"Shading Mode"},"sceneLighting":true,"audioPlay":false,"sceneViewState":{"showFog":true,"showMaterialUpdate":false,"showSkybox":true,"showFlares":true,"showImageEffects":true,"showParticleSystems":true},"in2DMode":false,"pivot":{"x":5.52280330657959,"y":5.247719764709473,"z":5.5340375900268559},"rotation":{"x":-0.6269199848175049,"y":0.1353229582309723,"z":-0.11174360662698746,"w":-0.7591145634651184},"size":6.081395149230957,"orthographic":false}