{"cameraMode":{"drawMode":0,"name":"Shaded","section":"Shading Mode"},"sceneLighting":true,"audioPlay":false,"sceneViewState":{"showFog":true,"showMaterialUpdate":true,"showSkybox":true,"showFlares":true,"showImageEffects":true,"showParticleSystems":true},"in2DMode":false,"pivot":{"x":4.397998809814453,"y":3.9418087005615236,"z":5.2107038497924809},"rotation":{"x":-0.34707111120224,"y":-0.07083268463611603,"z":0.02627592533826828,"w":-0.9348070621490479},"size":1.0058465003967286,"orthographic":false}