{"cameraMode":{"drawMode":0,"name":"Shaded","section":"Shading Mode"},"sceneLighting":true,"audioPlay":false,"sceneViewState":{"showFog":true,"showMaterialUpdate":true,"showSkybox":true,"showFlares":true,"showImageEffects":true,"showParticleSystems":true},"in2DMode":false,"pivot":{"x":4.157487869262695,"y":4.971043586730957,"z":4.924620628356934},"rotation":{"x":0.2137385904788971,"y":0.29916122555732729,"z":-0.06890882551670075,"w":0.9274198412895203},"size":1.4077234268188477,"orthographic":false}