{"cameraMode":{"drawMode":0,"name":"Shaded","section":"Shading Mode"},"sceneLighting":true,"audioPlay":false,"sceneViewState":{"showFog":true,"showMaterialUpdate":true,"showSkybox":true,"showFlares":true,"showImageEffects":true,"showParticleSystems":true},"in2DMode":false,"pivot":{"x":11.430564880371094,"y":-38.1865119934082,"z":-40.3044548034668},"rotation":{"x":-0.004038700368255377,"y":-0.9384622573852539,"z":0.3452264368534088,"w":-0.01095692440867424},"size":41.267024993896487,"orthographic":false}