{"cameraMode":{"drawMode":0,"name":"Shaded","section":"Shading Mode"},"sceneLighting":true,"audioPlay":false,"sceneViewState":{"showFog":true,"showMaterialUpdate":true,"showSkybox":true,"showFlares":true,"showImageEffects":true,"showParticleSystems":true},"in2DMode":false,"pivot":{"x":19.78114891052246,"y":-44.03310775756836,"z":43.8067512512207},"rotation":{"x":-0.4157974123954773,"y":-0.17869186401367188,"z":0.08368326723575592,"w":-0.8878101706504822},"size":41.267024993896487,"orthographic":false}