{"cameraMode":{"drawMode":0,"name":"Shaded","section":"Shading Mode"},"sceneLighting":true,"audioPlay":false,"sceneViewState":{"showFog":true,"showMaterialUpdate":true,"showSkybox":true,"showFlares":true,"showImageEffects":true,"showParticleSystems":true},"in2DMode":false,"pivot":{"x":-33.22156524658203,"y":-15.742010116577149,"z":3.489553928375244},"rotation":{"x":-0.17242196202278138,"y":0.6256718635559082,"z":-0.14436432719230653,"w":-0.7470347881317139},"size":39.19758987426758,"orthographic":false}