{"cameraMode":{"drawMode":0,"name":"Shaded","section":"Shading Mode"},"sceneLighting":true,"audioPlay":false,"sceneViewState":{"showFog":true,"showMaterialUpdate":true,"showSkybox":true,"showFlares":true,"showImageEffects":true,"showParticleSystems":true},"in2DMode":false,"pivot":{"x":29.32381248474121,"y":-2.6908152103424074,"z":4.516490936279297},"rotation":{"x":-0.05009341612458229,"y":-0.8945938944816589,"z":0.10378799587488175,"w":-0.4317874610424042},"size":10.0,"orthographic":false}