{"cameraMode":{"drawMode":0,"name":"Shaded","section":"Shading Mode"},"sceneLighting":true,"audioPlay":false,"sceneViewState":{"showFog":true,"showMaterialUpdate":true,"showSkybox":true,"showFlares":true,"showImageEffects":true,"showParticleSystems":true},"in2DMode":false,"pivot":{"x":8.503190994262696,"y":-12.004537582397461,"z":0.057013221085071567},"rotation":{"x":-0.15138448774814607,"y":-0.8341213464736939,"z":0.28041231632232668,"w":-0.4503132402896881},"size":25.987655639648439,"orthographic":false}