{"cameraMode":{"drawMode":1,"name":"Wireframe","section":"Shading Mode"},"sceneLighting":true,"audioPlay":false,"sceneViewState":{"showFog":true,"showMaterialUpdate":false,"showSkybox":true,"showFlares":true,"showImageEffects":true,"showParticleSystems":true},"in2DMode":false,"pivot":{"x":38.72673416137695,"y":-34.096343994140628,"z":3.507884979248047},"rotation":{"x":0.31775712966918948,"y":0.63899827003479,"z":-0.3280828297138214,"w":0.6189765334129334},"size":23.931493759155275,"orthographic":false}